block_id,block_start_time,block_end_time,rows,positive_count,positive_rate,p_adic_tree_scan_llr,tree_scan_depth,tree_scan_node,tree_scan_observed,tree_scan_expected,tree_scan_support_ok,p_adic_conditional_tree_scan_llr,conditional_tree_scan_depth,conditional_tree_scan_node,conditional_tree_scan_parent_node,conditional_tree_scan_observed,conditional_tree_scan_parent_observed,conditional_tree_scan_expected,conditional_tree_scan_support_ok,flat_tuple_scan_llr,marginal_column_scan_llr,reversed_hierarchy_tree_scan_llr,random_hierarchy_tree_scan_llr_seed_11,random_hierarchy_tree_scan_llr_seed_17,random_hierarchy_tree_scan_llr_seed_23,random_hierarchy_tree_scan_llr_seed_31,random_hierarchy_tree_scan_llr_seed_47,category_entropy_temporal,transaction_count_signal
0,1519898707.0,1519898871.0,1035,701,0.6772946859903382,22.761936123043355,3,0,207,129.85844829929894,True,15.695377104084152,2,0,0,271,670,202.6064925159691,True,22.327292324905343,22.744379658463416,22.327292324905343,22.327292324905343,22.327292324905343,22.327292324905343,22.327292324905343,22.327292324905343,8.463404469335133,1035.0
1,1519898871.0,1519898999.0,1035,696,0.672463768115942,9.320791640219689,6,0,176,128.047245846519,True,11.668979174585324,2,0,0,242,614,185.67221851463438,True,9.320791640219689,9.281322977825937,9.320791640219689,9.320791640219689,9.320791640219689,9.320791640219689,9.320791640219689,9.320791640219689,7.868915559595903,1035.0
2,1519898999.0,1519899145.0,1035,772,0.7458937198067633,70.19828013624343,3,680139614562,22,0.3416798670620775,True,69.5539103218776,3,680139614562,13147,22,298,0.36152881566740414,True,45.643318065471796,70.19779930245932,45.643318065471796,45.643318065471796,60.9747739235373,57.847797871482804,60.97435966692327,57.88639647008883,9.066153797135257,1035.0
3,1519899145.0,1519899211.0,1034,897,0.867504835589942,161.31805337603353,3,680139614562,42,0.3413497415866552,True,156.70820971622607,3,680139614562,13147,42,329,0.39913751796837565,True,81.66084849346944,161.3171285172262,81.66084849346944,81.66084849346944,119.41341755984072,111.76182588512879,119.41271547708229,111.82655270783587,7.713429403457422,1034.0
4,1519899211.0,1519899259.0,1035,971,0.9381642512077295,87.29390815275842,3,680139614562,26,0.3416798670620775,True,89.11971263332605,3,680139614562,13147,26,272,0.3299860330923957,True,45.643318065471796,87.29333851543555,45.643318065471796,45.643318065471796,82.6101898535774,75.10010238861635,82.6096648969797,75.14741020431296,9.068098285026306,1035.0
5,1519899259.0,1519899259.0,1035,1035,1.0,892.2434847266491,2,0,813,188.23657834530763,True,515.4391152341434,2,0,0,813,1034,312.6792735246449,True,3.803115258844408,987.8530396847723,989.3074724037514,978.9769271382593,978.633178768981,987.8530396847723,241.3890324083489,987.8589286636507,10.68959400850606,1035.0
6,1519899259.0,1519899284.0,1034,993,0.960348162475822,500.8397976937388,2,0,649,188.05470725511896,True,260.1003109447193,2,0,0,649,992,299.97856802364385,True,45.65674852466185,552.5117931517229,553.2873407487862,569.389512898216,564.9391135573146,552.5117931517229,73.45249373894326,552.5164976416263,11.820631481956303,1034.0
7,1519899284.0,1519899366.0,1035,748,0.7227053140096619,216.04618316526498,3,680139614562,53,0.3416798670620775,True,213.4582691619348,3,680139614562,13147,53,315,0.38215294273567885,True,130.804190497791,216.04501410405496,130.804190497791,130.804190497791,173.2596394831765,165.63168978586953,173.25869386664087,165.72036638274648,8.665563619081125,1035.0
8,1519899366.0,1519899461.0,1035,739,0.7140096618357488,221.15247585825006,3,680139614562,54,0.3416798670620775,True,223.88509746047563,3,680139614562,13147,54,288,0.34939697621547783,True,105.74382227995869,221.15128459615542,105.74382227995869,105.74382227995869,188.49828091399863,170.69778378982892,188.49726887747272,170.78863769097842,9.322889534888233,1035.0
9,1519899461.0,1519899555.0,1034,917,0.8868471953578336,74.42939660002524,3,680139614562,23,0.3413497415866552,True,73.06120686281949,3,680139614562,13147,23,307,0.3724474711741378,True,49.94575349763494,74.42889355802728,49.94575349763494,49.94575349763494,65.2236421869605,62.101258736931705,65.22320578416296,62.14203521263952,8.021738076490948,1034.0
10,1519899555.0,1519899657.0,1035,912,0.881159420289855,123.30339509682219,3,680139614562,34,0.3416798670620775,True,119.62752507769875,3,680139614562,13147,34,326,0.3954979661327978,True,63.18539001217182,123.30264785242163,63.18539001217182,63.18539001217182,100.70159423986587,93.09953529901799,100.7009807232811,93.15555233180515,8.647437831114196,1035.0
11,1519899657.0,1519899740.0,1035,824,0.7961352657004831,132.6297239541439,3,680139614562,36,0.3416798670620775,True,134.72976062134134,3,680139614562,13147,36,279,0.3384783207087441,True,72.31033114972172,132.62893230797403,72.31033114972172,74.48228144764042,109.97322877879347,102.34262260759128,109.97257098221539,102.40299424892365,9.958664111267604,1035.0
12,1519899740.0,1519899740.0,1035,1035,1.0,900.6747016947354,2,0,816,188.23657834530763,True,520.6857390217633,2,0,0,816,1035,312.9816712746687,True,3.803115258844408,1006.5731141874102,1008.0343143659943,987.8179223017278,987.4725747443478,1006.5731141874102,250.62501176091234,1006.5790305791958,10.613471237138437,1035.0
13,1519899740.0,1519899771.0,1034,998,0.965183752417795,546.41947965236,2,0,671,188.05470725511896,True,295.150133157711,2,0,0,671,990,299.3737725235962,True,86.39721399105407,584.7966932753067,585.5918167203,593.5100623247813,604.5294215744598,584.7966932753067,124.16709673528368,584.8015165544733,11.24838309284995,1034.0
14,1519899771.0,1519899873.0,1035,715,0.6908212560386473,132.6297239541439,3,680139614562,36,0.3416798670620775,True,130.8436801552969,3,680139614562,13147,36,309,0.37487383906452304,True,72.31033114972172,132.62893230797403,72.31033114972172,72.31033114972172,109.97322877879347,102.34262260759128,109.97257098221539,102.40299424892365,8.390517118707992,1035.0
15,1519899873.0,1519899885.0,1035,223,0.21545893719806763,638.2283867900828,2,0,713,188.23657834530763,True,400.3453703534974,2,0,0,713,954,288.4874535227381,True,3.803115258844408,633.7896009932168,586.8526088810077,708.8695644208445,708.5796553843236,585.6598512667425,146.95931109796248,585.6646802798871,11.396703290337795,1035.0
16,1519899885.0,1519899886.0,1034,762,0.7369439071566731,833.2063961652796,2,0,791,188.05470725511896,True,475.2332601680033,2,0,0,791,1029,311.1672847745257,True,5.832330817443346,959.5716803879516,960.5339514575793,919.6483278866313,916.6261850401427,959.5716803879516,241.13915051318307,959.5775179446739,10.740541622474039,1034.0
17,1519899886.0,1519899981.0,1035,658,0.6357487922705314,63.137108725854375,4,2273930533151,18,0.20241236647697536,True,59.21793737022751,3,680139614562,13147,20,330,0.4003507019135683,True,37.29018422874407,62.39090015462507,84.01863918316623,90.13797061373891,52.679370892226174,51.86905452084321,52.679000915605556,51.8705300217091,8.714234729096514,1035.0
18,1519899981.0,1519900035.0,1035,214,0.20676328502415459,562.6330818085252,2,0,679,188.23657834530763,True,315.205387707049,2,0,0,679,981,296.65219277338167,True,25.415838095573015,562.7727054401678,491.52406910556476,606.1748509456974,614.8970579563361,490.7882338459609,59.11464738968188,490.79269735368007,11.643547134957958,1035.0
19,1519900035.0,1519900035.0,1034,751,0.7263056092843327,879.6240962281652,2,0,808,188.05470725511896,True,505.9805706063238,2,0,0,808,1033,312.37687577462106,True,2.5134874534069245,999.0367201931468,1000.4942484051783,965.6980691339803,965.3568994776188,999.0367201931468,250.37319094108994,999.0426217133188,10.597667859899667,1034.0
20,1519900035.0,1519900039.0,1035,305,0.2946859903381642,721.5016219490453,2,0,748,188.23657834530763,True,396.277632213043,2,0,0,748,1025,309.95769377443037,True,23.48532267226662,809.9368202411532,810.845826463216,799.3565367940364,799.0474375002949,809.9368202411532,164.10239484920234,809.9423345769703,11.089625437389305,1035.0
21,1519900039.0,1519900039.0,1035,731,0.706280193236715,906.3244398239221,2,0,818,188.23657834530763,True,526.2038230072724,2,0,0,818,1034,312.6792735246449,True,3.803115258844408,1006.5731141874102,1008.0343143659943,993.7408458945026,993.3944322117213,1006.5731141874102,255.93760116831595,1006.5790305791958,10.578623608096738,1035.0
22,1519900039.0,1519900091.0,1035,767,0.7410628019323672,78.82928205336981,4,387515384525,24,0.33925452972901504,True,76.41846478992437,3,387515384525,13147,24,318,0.38579249457125675,True,65.73961998097032,91.88245473781018,92.20719719088095,77.7297089177869,79.42201346329239,91.88245473781018,65.73961998097032,91.88442367100043,9.863772741695724,1035.0
23,1519900091.0,1519900189.0,1034,826,0.7988394584139265,109.57446740674754,3,680139614562,31,0.3413497415866552,True,109.31662893379064,3,680139614562,13147,31,295,0.35788926383182623,True,49.94575349763494,109.57378675767201,49.94575349763494,49.94575349763494,96.14640044706161,88.56067218751583,96.14580906428694,88.61451248885967,8.654515909202381,1034.0
24,1519900189.0,1519900326.0,1035,722,0.6975845410628019,22.6010903711186,6,392795360660600054103,91,41.99058049841772,True,24.89368764987917,3,0,0,176,200,132.7628720718605,True,22.6010903711186,16.2259910810645,22.6010903711186,22.6010903711186,22.6010903711186,22.6010903711186,22.6010903711186,22.6010903711186,8.562793086894516,1035.0
25,1519900326.0,1519900471.0,1035,758,0.7323671497584541,7.715993979732495,6,1037074801,71,43.42921776107595,True,18.342567961883336,3,0,0,152,176,116.83132742323724,True,7.715993979732495,7.338080743591121,7.715993979732495,7.715993979732495,7.715993979732495,7.715993979732495,7.715993979732495,7.715993979732495,7.577952451402415,1035.0
26,1519900471.0,1519900625.0,1034,766,0.7408123791102514,6.5701813766089785,6,392765483475398668918,416,359.8713794391702,True,9.128943550219535,3,0,0,108,130,86.29586684670933,True,6.5701813766089785,10.178826642875627,10.178826642875627,10.387152276734884,7.286484342650446,10.178826642875627,6.5701813766089785,10.178826642875627,7.975167720313316,1034.0
27,1519900625.0,1519900737.0,1035,791,0.7642512077294686,226.27830749651037,3,680139614562,55,0.3416798670620775,True,218.64189504037466,3,680139614562,13147,55,343,0.4161220932010725,True,125.72337195311897,226.27709403353097,125.72337195311897,125.72337195311897,188.49828091399863,175.78869661720077,188.49726887747272,175.881727822623,8.726950016158767,1035.0
28,1519900737.0,1519900813.0,1035,930,0.8985507246376812,422.38395829545686,2,0,609,188.23657834530763,True,225.74166552275503,2,0,0,609,958,289.69704452283344,True,72.31033114972172,426.26843985733535,419.5695411709053,430.59330863038105,441.868639182634,419.5695411709053,109.97257098221539,419.57369399901285,11.323375964224653,1035.0
29,1519900813.0,1519900813.0,1034,1034,1.0,933.4450298267636,2,0,827,188.05470725511896,True,545.9507216431418,2,0,0,827,1034,312.6792735246449,True,3.804937797541452,1012.6624994152394,1014.1245392670072,1022.1142646366675,1021.7629667889953,1012.6624994152394,255.68481229413158,1012.6684192106826,10.431972718771297,1034.0
30,1519900813.0,1519900900.0,1035,905,0.8743961352657005,321.55163903198036,3,680139614562,73,0.3416798670620775,True,311.74196836830805,3,680139614562,13147,73,348,0.42218801292703567,True,177.8799385227115,321.5500259530763,222.31571819853633,177.8799385227115,267.54485125743076,249.3973718463823,267.5435071209538,249.52088531162153,10.565831908627654,1035.0
31,1519900900.0,1519901032.0,1035,837,0.808695652173913,231.42334236317816,3,680139614562,56,0.3416798670620775,True,221.45566590711812,3,680139614562,13147,56,356,0.43189348448857673,True,130.804190497791,231.42210669931416,130.804190497791,130.804190497791,193.6239822288635,180.90387541991805,193.6229480523408,180.99908392961285,8.920226136064407,1035.0
32,1519901032.0,1519901081.0,1035,820,0.7922705314009661,105.85201149187355,6,392765483475398668918,590,360.2194175237342,True,51.41164591170211,2,13147,0,307,434,202.58643340642578,True,105.85201149187355,110.69237382447834,105.85201149187355,144.79620869263798,110.69237382447834,105.85201149187355,105.85201149187355,105.85201149187355,5.96680761510882,1035.0
33,1519901081.0,1519901178.0,1034,871,0.8423597678916828,137.3725495651222,3,680139614562,37,0.3413497415866552,True,136.18380967298208,3,680139614562,13147,37,304,0.3688079193385599,True,76.97094134913479,137.37173571073836,76.97094134913479,76.97094134913479,114.69126725405118,107.04806985711996,114.69058731128958,107.11061937555438,8.162579594653309,1034.0
34,1519901178.0,1519901258.0,1035,656,0.633816425120773,132.6297239541439,3,680139614562,36,0.3416798670620775,True,128.24358875151384,3,680139614562,13147,36,331,0.40156388585876096,True,72.31033114972172,132.62893230797403,72.31033114972172,72.31033114972172,109.97322877879347,102.34262260759128,109.97257098221539,102.40299424892365,9.464068039116677,1035.0
35,1519901258.0,1519901258.0,1035,1035,1.0,805.4277129299784,2,0,781,188.23657834530763,True,484.99925752590957,2,0,0,781,1002,303.0025455238822,True,3.7135351409751802,850.9181799615369,852.3049380844693,887.790187924176,887.4634975613158,850.9181799615369,250.62501176091234,850.923794811346,11.109662273018472,1035.0
36,1519901258.0,1519901260.0,1034,1034,1.0,749.9960770247446,2,0,759,188.05470725511896,True,413.7476193661652,2,0,0,759,1028,310.86488702450185,True,35.82538556675987,869.7178263367571,869.7178263367571,829.377006072647,829.0619564886133,869.7178263367571,180.67233166456836,869.7234811407668,11.146768051484766,1034.0
37,1519901260.0,1519901388.0,1035,840,0.8115942028985508,316.12188685124806,3,680139614562,72,0.3416798670620775,True,305.4472785002682,3,680139614562,13147,72,352,0.4270407487078062,True,172.53877988757748,316.1202959732286,172.53877988757748,172.53877988757748,262.14168687829715,244.00750621358688,262.140364881817,244.12884237455344,9.63456604724787,1035.0
38,1519901388.0,1519901388.0,1035,45,0.043478260869565216,903.4966651780464,2,0,817,188.23657834530763,True,522.8398866239012,2,0,0,817,1035,312.9816712746687,True,3.546992222724407,1013.6490804209009,1015.1125364193531,990.776478516833,990.4305978967525,1013.6490804209009,255.93760116831595,1013.6550059503219,10.860619637770093,1035.0
39,1519901388.0,1519901389.0,1034,1021,0.9874274661508704,744.968064638811,2,0,757,188.05470725511896,True,421.88840639617723,2,0,0,757,1016,307.23611402421585,True,4.789463152865682,849.9650501837558,850.8896753919797,824.075808223125,823.7618247644928,849.9650501837558,208.71832654573547,849.9706592995874,11.33458126963015,1034.0
40,1519901389.0,1519901518.0,1035,584,0.5642512077294686,137.3364583937375,3,680139614562,37,0.3416798670620775,True,130.816359275704,3,680139614562,13147,37,349,0.4234011968722283,True,76.95062787303232,137.33564454668277,80.71440985129328,76.95062787303232,114.661122397967,107.01989997905645,114.66044246139214,107.0824489246615,9.94793891605446,1035.0
41,1519901518.0,1519901518.0,1035,241,0.23285024154589373,903.4966651780464,2,0,817,188.23657834530763,True,522.8398866239012,2,0,0,817,1035,312.9816712746687,True,3.7135351409751802,1013.6490804209009,1015.1125364193531,990.776478516833,990.4305978967525,1013.6490804209009,255.93760116831595,1013.6550059503219,10.579104328810244,1035.0
42,1519901518.0,1519901522.0,1035,917,0.8859903381642512,549.813476893524,2,0,673,188.23657834530763,True,325.2397268392126,2,0,0,673,957,289.3946467728096,True,28.237614260841724,606.3140066101016,607.1221219236014,615.1656444848343,614.8970579563361,606.3140066101016,161.84965416700527,606.3189087243313,11.32255766497478,1035.0
43,1519901522.0,1519901522.0,1034,115,0.11121856866537717,907.6877882603344,2,0,818,188.05470725511896,True,526.2038230072724,2,0,0,818,1034,312.6792735246449,True,1.267069367837819,1012.6624994152394,1014.1245392670072,995.1276884840911,994.7811882007238,1012.6624994152394,255.68481229413158,1012.6684192106826,10.75411063276925,1034.0
44,1519901522.0,1519901530.0,1035,981,0.9478260869565217,617.7221853777282,2,0,704,188.23657834530763,True,342.86636268398195,2,0,0,704,998,301.7929545237868,True,31.951062497720958,720.1020979005891,720.9704465923355,687.1742651548923,686.8891536826764,720.1020979005891,159.63017316228616,720.1073655202442,11.43716335101533,1035.0
45,1519901530.0,1519901643.0,1035,645,0.6231884057971014,26.40508054533566,4,680139614562,10,0.2708334481029952,True,23.785361749545157,3,387515384525,13147,10,296,0.35910244777701883,True,8.15466236089771,24.15134692014569,8.15466236089771,8.15466236089771,8.15466236089771,8.15466236089771,8.15466236089771,8.15466236089771,8.07421543853636,1035.0
46,1519901643.0,1519901687.0,1034,812,0.7852998065764023,82.98092949693677,3,680139614562,25,0.3413497415866552,True,78.7113940624228,3,680139614562,13147,25,343,0.4161220932010725,True,45.65674852466185,82.98038205316941,45.65674852466185,57.04494157390265,78.21220200158174,70.73189086227686,78.21169917879396,70.77702194653008,7.009355011472859,1034.0
47,1519901687.0,1519901769.0,1035,141,0.13623188405797101,66.03577471263935,3,680139614562,21,0.3416798670620775,True,63.21659852942055,3,680139614562,13147,21,330,0.4003507019135683,True,37.29018422874407,66.03531607974006,37.29018422874407,37.29018422874407,56.798788681289935,53.66917816466581,56.79839656467264,53.70559945899913,8.637179730428969,1035.0
48,1519901769.0,1519901899.0,1035,0,0.0,36.74394491919368,2,26294,247,143.6736744628758,True,24.210623710730495,4,2273239158715,864231192,103,226,54.900636544566346,True,33.324581478796695,58.36037175672274,58.671898206162126,43.759445525230916,37.01359043176589,33.324581478796695,58.36037175672274,60.60453007161533,9.238793301384153,1035.0
49,1519901900.0,1519902043.0,1034,0,0.0,12.008020084203935,6,392765483475398668918,436,359.8713794391702,True,10.851090818327652,3,0,0,134,162,107.537926378207,True,12.008020084203935,10.864979583783864,12.008020084203935,12.008020084203935,12.008020084203935,12.008020084203935,12.008020084203935,12.008020084203935,7.849649407309177,1034.0
50,1519902043.0,1519902166.0,1035,0,0.0,19.14385771583018,3,864231192,253,174.5582144373025,True,12.945126436937144,3,0,0,137,163,108.20174073856631,True,12.576889528972181,19.14176368310038,12.576889528972181,12.576889528972181,12.576889528972181,12.576889528972181,12.576889528972181,12.576889528972181,8.04030560391862,1035.0
51,1519902166.0,1519902286.0,1035,0,0.0,4.354268188529634,6,392795360660600054103,62,41.99058049841772,True,9.409525902922077,3,0,0,139,171,113.51225562144073,True,4.354268188529634,5.217463546424135,5.335368757055484,5.217463546424135,4.354268188529634,4.354268188529634,4.354268188529634,4.354268188529634,8.430823914665856,1035.0
52,1519902286.0,1519902376.0,1034,0,0.0,13.949672267964232,6,392765483475398668918,442,359.8713794391702,True,13.474915597335205,2,13147,0,329,572,267.0033177614644,True,13.949672267964232,19.156129823787666,13.949672267964232,13.949672267964232,19.156129823787666,13.949672267964232,13.949672267964232,13.949672267964232,7.56370199235826,1034.0
53,1519902376.0,1519902518.0,1035,0,0.0,13.666621012198172,6,109755691715,6,0.23598200158227847,True,14.200994577966464,3,109755691715,0,6,179,0.21806199729936007,True,13.666621012198172,13.609797760570888,13.666621012198172,13.666621012198172,13.666621012198172,13.666621012198172,13.666621012198172,13.666621012198172,8.518453537067517,1035.0
54,1519902518.0,1519902624.0,1035,0,0.0,6.95211708870842,6,392765483475398668918,418,360.2194175237342,True,11.071729036604456,3,0,0,135,163,108.20174073856631,True,6.95211708870842,6.34646094866946,6.95211708870842,9.744702695065975,6.95211708870842,6.95211708870842,6.95211708870842,6.95211708870842,7.714117506904685,1035.0
55,1519902624.0,1519902722.0,1035,0,0.0,6.95211708870842,6,392765483475398668918,418,360.2194175237342,True,13.273244364213035,3,0,0,154,185,122.80565666647097,True,6.95211708870842,6.09128988081131,6.95211708870842,6.95211708870842,6.95211708870842,6.95211708870842,6.95211708870842,6.95211708870842,7.828779682663091,1035.0
56,1519902722.0,1519902808.0,1034,0,0.0,12.28459808535797,4,864231192,187,131.09060008924487,True,7.741899107162325,3,864231192,13147,225,310,192.13622322584592,True,10.896182779787154,8.240181310444363,10.896182779787154,10.896182779787154,10.896182779787154,10.896182779787154,10.896182779787154,10.896182779787154,8.475941194329044,1034.0
57,1519902808.0,1519902904.0,1035,0,0.0,12.954075740937299,6,392795360660600054103,78,41.99058049841772,True,14.744450224633113,4,2273239158715,864231192,78,183,44.454940210865665,True,12.954075740937299,16.055243571152843,16.055243571152843,12.954075740937299,12.954075740937299,16.055243571152843,12.954075740937299,16.055243571152843,8.443481212454078,1035.0
58,1519902904.0,1519903047.0,1035,0,0.0,28.020899055107215,2,1,17,1.3085790792483987,True,26.474224192219282,2,1,1,17,433,1.460019267822736,True,25.819965825068792,25.6825158373273,25.819965825068792,28.021394527137765,28.021034185265226,25.819965825068792,25.819965825068792,25.819965825068792,8.089155231302703,1035.0
59,1519903047.0,1519903157.0,1034,0,0.0,13.286623608868751,6,392765483475398668918,440,359.8713794391702,True,6.48575170643465,5,864231192,864231192,111,116,99.11499272197962,True,13.286623608868751,12.082064505977058,13.286623608868751,13.286623608868751,13.286623608868751,13.286623608868751,13.286623608868751,13.286623608868751,7.947721649567415,1034.0
60,1519903157.0,1519903272.0,1035,0,0.0,20.06339320343683,6,392765483475398668918,459,360.2194175237342,True,6.547928253074131,3,15555937958,13148,13,477,3.9393019843434303,True,20.06339320343683,18.57200032020681,20.175645442313993,21.46941850979229,20.06339320343683,20.06339320343683,20.06339320343683,20.06339320343683,7.796453268257602,1035.0
61,1519903272.0,1519903427.0,1035,0,0.0,26.09463732817447,1,0,734,622.4783255637934,True,14.830398746385065,3,1037074801,13147,93,341,53.42932438907523,True,22.505910009763333,26.09463732817447,22.505910009763333,22.505910009763333,22.505910009763333,22.505910009763333,22.505910009763333,22.505910009763333,9.12169001460207,1035.0
62,1519903427.0,1519903596.0,1034,0,0.0,9.465598382226151,6,392765483477299948618,47,23.390773338607595,True,5.508769201090068,3,0,0,165,215,142.72008747725005,True,9.465598382226151,9.228611234397334,9.465598382226151,10.668226293274312,10.933913916874843,9.465598382226151,9.465598382226151,9.465598382226151,8.63484437648965,1034.0
63,1519903596.0,1519903739.0,1035,0,0.0,16.721475120618273,4,1037074801,86,43.81515014626246,True,13.615702728498604,3,1037074801,13147,86,316,49.51221849544801,True,16.392167465622116,16.407827481221283,16.392167465622116,16.392167465622116,16.392167465622116,16.392167465622116,16.392167465622116,16.392167465622116,8.336860076172595,1035.0
64,1519903739.0,1519903849.0,1035,0,0.0,7.3830866289543735,6,392765483477299948618,44,23.41339497626582,True,5.3139077251010445,3,0,0,117,149,98.90833969353608,True,7.3830866289543735,7.176590786912072,7.3830866289543735,7.3830866289543735,7.3830866289543735,7.3830866289543735,7.3830866289543735,7.3830866289543735,8.247528439841224,1035.0
65,1519903849.0,1519903983.0,1035,0,0.0,8.046311932409836,6,392765483477299948618,45,23.41339497626582,True,9.47535623895267,4,2273239158715,864231192,67,170,41.296938993700344,True,8.046311932409836,16.577085844943298,16.73913287281414,8.144023464299003,9.876822321114084,9.792421519318488,16.577085844943298,16.367359193160112,8.791904406039796,1035.0
66,1519903983.0,1519904110.0,1034,0,0.0,13.286623608868751,6,392765483475398668918,440,359.8713794391702,True,12.709536974618203,4,864231192,864231192,171,190,143.8414724410744,True,13.286623608868751,16.129758322398164,13.286623608868751,16.129758322398164,13.286623608868751,13.286623608868751,13.286623608868751,13.286623608868751,7.402004813409015,1034.0
67,1519904111.0,1519904237.0,1035,0,0.0,8.924734296886907,6,392765483489744688465,13,3.0563933939873418,True,9.209859913197285,3,15555937958,13148,13,363,2.9978335855695284,True,8.924734296886907,8.680006069554222,8.924734296886907,8.924734296886907,8.924734296886907,8.924734296886907,8.924734296886907,8.924734296886907,8.500979308386386,1035.0
68,1519904237.0,1519904380.0,1035,0,0.0,3.5184012662484285,2,26294,174,143.6736744628758,True,2.657992039414399,2,26294,0,174,645,148.8714605777481,True,1.7455189303550096,5.881902196585727,7.380638977287759,5.3877798261703855,5.241714072458587,1.7455189303550096,5.881902196585727,6.04736551152115,8.621443781655609,1035.0
69,1519904381.0,1519904476.0,1034,0,0.0,38.32707924638585,6,392765483475398668918,497,359.8713794391702,True,6.993035901578902,3,387515384525,13147,4,228,0.27660593950391993,True,38.32707924638585,36.24588005827525,38.32707924638585,38.32707924638585,38.32707924638585,38.32707924638585,38.32707924638585,38.32707924638585,7.6039472218112545,1034.0
70,1519904476.0,1519904609.0,1035,0,0.0,10.499778878016798,6,1037074801,76,43.42921776107595,True,15.130559851733878,3,1037074801,13147,76,260,40.73790129372305,True,10.499778878016798,9.961699252340281,10.499778878016798,10.499778878016798,10.499778878016798,10.499778878016798,10.499778878016798,10.499778878016798,8.10063600839251,1035.0
71,1519904609.0,1519904771.0,1035,0,0.0,20.69532497929329,6,0,201,128.047245846519,True,21.68678223395392,2,0,0,259,603,182.3458432643722,True,20.69532497929329,20.044702829491456,20.69532497929329,20.69532497929329,20.69532497929329,20.69532497929329,20.69532497929329,20.69532497929329,7.926819070777922,1035.0
72,1519904771.0,1519904840.0,1034,0,0.0,29.424746065889607,1,1,509,387.70775635181394,True,23.930775295669292,2,1,1,17,509,1.716281310211946,True,27.1601137405317,29.424746065889607,32.01289001460965,28.036699020690982,28.036338649784653,27.1601137405317,27.1601137405317,29.425302420424643,7.636633542434378,1034.0
73,1519904841.0,1519905011.0,1035,0,0.0,28.55328239195572,1,0,739,622.4783255637934,True,14.890980526178609,3,1037074801,13147,82,289,45.281744130330615,True,19.118926805849796,28.55328239195572,19.118926805849796,19.118926805849796,19.118926805849796,19.118926805849796,19.118926805849796,19.118926805849796,9.242868200106434,1035.0
74,1519905011.0,1519905113.0,1035,0,0.0,13.820118694701748,6,392765483475398668918,442,360.2194175237342,True,20.21267894269775,4,864231192,864231192,158,168,127.18614405316052,True,13.820118694701748,21.15604264475273,13.820118694701748,25.295713199370596,13.820118694701748,13.820118694701748,21.15604264475273,13.820118694701748,7.233552202842935,1035.0
75,1519905113.0,1519905248.0,1035,0,0.0,14.110029355826995,1,0,705,622.4783255637934,True,7.769159609443344,3,15555937958,13148,11,308,2.5436163756347514,True,6.707011572614167,20.37481079485991,19.675245346767255,14.54386060309497,11.48068950649187,6.707011572614167,20.37481079485991,18.407650165043407,9.142032671407458,1035.0
76,1519905248.0,1519905384.0,1034,0,0.0,5.394607283244149,6,0,164,127.92352870077356,True,8.010729572930511,3,0,0,165,209,138.73720131509424,True,5.394607283244149,5.098870029729461,5.394607283244149,5.394607283244149,5.394607283244149,5.394607283244149,5.394607283244149,5.394607283244149,8.119047925875726,1034.0
77,1519905384.0,1519905498.0,1035,0,0.0,7.349147253406983,4,864231192,174,131.21738016670062,True,5.755126598701155,3,320452051086,0,3,187,0.17291434274643339,True,5.7102125883040245,5.610116534425124,5.7102125883040245,5.7102125883040245,5.7102125883040245,5.7102125883040245,5.7102125883040245,5.7102125883040245,7.98207397868801,1035.0
78,1519905498.0,1519905640.0,1035,0,0.0,6.563317501284544,6,0,168,128.047245846519,True,6.494864737741523,3,0,0,169,218,144.71153055832795,True,6.563317501284544,6.638962391920153,13.474012531938051,6.563317501284544,6.563317501284544,6.563317501284544,6.638962391920153,6.563317501284544,8.648827269332198,1035.0
79,1519905641.0,1519905781.0,1034,0,0.0,5.987182287193697,6,0,166,127.92352870077356,True,9.537806898338975,3,0,0,168,210,139.40101567545352,True,5.987182287193697,5.9712264905655985,5.987182287193697,5.987182287193697,5.987182287193697,5.987182287193697,5.987182287193697,5.987182287193697,8.400358352871658,1034.0
80,1519905781.0,1519905936.0,1035,0,0.0,20.16365339776827,6,0,200,128.047245846519,True,18.33212559236481,3,1037074801,13147,85,283,44.341638715860086,True,20.16365339776827,19.523129398123288,20.16365339776827,20.16365339776827,20.16365339776827,20.16365339776827,20.16365339776827,20.16365339776827,8.540099720108401,1035.0
81,1519905936.0,1519906121.0,1035,0,0.0,59.72886957464084,6,0,257,128.047245846519,True,33.708134638715094,2,0,0,324,724,218.93597101725618,True,59.72886957464084,58.481777406078635,59.72886957464084,59.72886957464084,59.72886957464084,59.72886957464084,59.72886957464084,59.72886957464084,8.622850204794913,1035.0
82,1519906121.0,1519906299.0,1034,0,0.0,18.685105346259675,6,0,197,127.92352870077356,True,13.392155930262895,2,0,0,258,648,195.95374201544476,True,18.685105346259675,18.578077777214503,18.685105346259675,18.685105346259675,18.685105346259675,18.685105346259675,18.685105346259675,18.685105346259675,8.29041261483587,1034.0
83,1519906299.0,1519906539.0,1035,0,0.0,42.09452295503061,2,0,310,188.23657834530763,True,35.47501681711848,3,1037074801,13147,102,281,44.02827024436991,True,38.711695847808755,41.06881892256034,38.711695847808755,40.54635855719975,42.09452295503061,38.711695847808755,38.711695847808755,38.711695847808755,8.837048974023531,1035.0
84,1519906539.0,1519906725.0,1035,0,0.0,30.629809673160885,2,1,18,1.3085790792483987,True,36.287644554131596,2,1,1,18,284,0.9576107899807321,True,28.51060518315071,28.36328697152551,28.51060518315071,30.63033672113231,30.629953415038017,28.51060518315071,28.51060518315071,28.51060518315071,9.324240859109768,1035.0
85,1519906725.0,1519906894.0,1035,0,0.0,15.191803119722906,6,0,190,128.047245846519,True,21.040902563543753,2,0,0,252,587,177.50747926399086,True,15.191803119722906,15.10967387022859,15.191803119722906,15.191803119722906,16.177159175579728,15.191803119722906,15.191803119722906,15.191803119722906,8.139540214213067,1035.0
86,1519906894.0,1519907136.0,1034,0,0.0,224.90047613685908,2,0,487,188.05470725511896,True,137.5596178311855,2,0,0,487,841,254.31650777004484,True,197.68478814624183,222.37418062154788,197.68478814624183,221.5149426768758,224.90047613685908,197.68478814624183,197.68478814624183,197.68478814624183,8.318304662108307,1034.0
87,1519907137.0,1519907317.0,1035,0,0.0,93.58767078097819,6,0,293,128.047245846519,True,75.57566854879022,2,0,0,362,685,207.14245876632663,True,93.58767078097819,91.93304106550792,93.58767078097819,93.58767078097819,93.58767078097819,93.58767078097819,93.58767078097819,93.58767078097819,7.790350234721098,1035.0
88,1519907317.0,1519907569.0,1035,0,0.0,212.1506879695829,2,0,478,188.23657834530763,True,125.45501860614758,2,0,0,478,845,255.52609877014015,True,197.3621036322367,211.04640235223312,197.3621036322367,210.20068477308456,212.1506879695829,197.3621036322367,197.3621036322367,197.3621036322367,8.712869997863898,1035.0
89,1519907569.0,1519907834.0,1034,0,0.0,272.79891231536504,2,0,520,188.05470725511896,True,193.40010157752883,2,0,0,520,817,247.0589617694728,True,260.38019356374195,269.9931336779073,260.38019356374195,267.58545702893923,272.79891231536504,260.38019356374195,260.38019356374195,260.38019356374195,7.729261914949219,1034.0
90,1519907835.0,1519908077.0,1035,0,0.0,252.95376729738612,2,0,507,188.23657834530763,True,146.5456672745886,2,0,0,507,869,262.7836447707122,True,242.89495136417253,250.25963371755606,242.89495136417253,249.37572164238918,252.95376729738612,242.89495136417253,242.89495136417253,242.89495136417253,8.274761023620849,1035.0
91,1519908077.0,1519908344.0,1035,0,0.0,301.75329986142134,2,0,539,188.23657834530763,True,202.99275588089358,2,0,0,539,843,254.9213032700925,True,292.3154590654311,298.78815234496443,292.3154590654311,297.8611551021606,301.75329986142134,292.3154590654311,292.3154590654311,292.3154590654311,8.023192252611636,1035.0
92,1519908344.0,1519908607.0,1034,0,0.0,205.85579517303714,2,0,473,188.05470725511896,True,142.88359597109405,2,0,0,473,799,241.61580226904377,True,190.70488805118424,226.5288474554435,190.70488805118424,225.66548111562057,226.5288474554435,190.70488805118424,190.70488805118424,190.70488805118424,8.586336186414355,1034.0
93,1519908607.0,1519908828.0,1035,0,0.0,110.64678010543108,6,0,309,128.047245846519,True,100.21996723184245,2,0,0,387,687,207.7472542663743,True,110.64678010543108,109.90080811156969,110.64678010543108,110.64678010543108,110.64678010543108,110.64678010543108,110.64678010543108,110.64678010543108,8.023184743139023,1035.0
94,1519908829.0,1519908955.0,1035,0,0.0,31.944883417074934,6,0,220,128.047245846519,True,26.055229645847348,2,0,0,261,588,177.8098770140147,True,31.944883417074934,34.31762685555009,31.944883417074934,31.944883417074934,31.944883417074934,31.944883417074934,34.31762685555009,31.944883417074934,7.305810054985921,1035.0
95,1519908955.0,1519909199.0,1034,0,0.0,200.55459781639436,2,0,469,188.05470725511896,True,98.49237538953827,2,0,0,469,886,267.92440652111736,True,178.40570500905773,200.80660924511588,178.40570500905773,199.9697033806285,200.80660924511588,178.40570500905773,178.40570500905773,178.40570500905773,9.345773862080366,1034.0
