block_id,block_start_time,block_end_time,rows,fraud_count,fraud_rate,flat_tuple_rarity_mean,category_entropy_temporal,transaction_count_signal,p_adic_multiresolution_temporal,p_adic_weighted_depth_temporal,p_adic_p95_temporal,p_adic_depth1_mean,p_adic_depth2_mean,p_adic_depth3_mean,p_adic_depth4_mean,p_adic_depth5_mean,p_adic_ewma_temporal,p_adic_cusum_temporal,flat_ewma_temporal,flat_cusum_temporal,high_fraud_block,isolation_forest_block_features
0,10438003.0,10481795.0,1846,102,0.0552546045503792,0.9368684963751325,6.324508961508306,1846.0,0.6696299026113975,0.7596271797457842,0.9785884063784976,0.3736293077660861,0.533906226214201,0.7463584766896589,0.7573870060119091,0.9368684963751325,0.7596271797457842,0.0021690454545905125,0.9368684963751325,0.0,1,0.41525551261402277
1,10481895.0,10531767.0,1845,62,0.03360433604336043,0.935853227748003,6.319750082038212,1845.0,0.6592297959475433,0.7522721241192956,0.9772689131815598,0.3499064740321458,0.5246515708562963,0.7373447211004053,0.7483929860008659,0.935853227748003,0.7577884158391621,0.0,0.9366146792183501,0.0,0,0.4456840853385256
2,10531790.0,10603792.0,1846,62,0.03358613217768147,0.9403672369807435,6.656827630693032,1846.0,0.6773229125025956,0.7643598739522659,0.9806777989502891,0.391172773198288,0.5505200455100941,0.7468689671336148,0.7576855396902371,0.9403672369807435,0.7594312803674381,0.006901739661072215,0.9375528186589485,0.0019625850348158336,0,0.39109763346899123
3,10603807.0,10643514.0,1845,41,0.022222222222222223,0.938986022880989,6.3163263324718155,1845.0,0.6626906016608054,0.7542686711970586,0.9785884063784976,0.36225709299516023,0.5272397663250527,0.7375171765056332,0.7474529495971922,0.938986022880989,0.7581406280748433,0.0037122765669371782,0.9379111197144586,0.0025439559698771097,0,0.38497594717327216
4,10643603.0,10699805.0,1846,69,0.03737811484290358,0.9363813048088644,6.1236452680060225,1846.0,0.6550355790731365,0.7501468004051765,0.9724755123190586,0.333564590834547,0.5242136459003048,0.7357698158896987,0.7452485379322679,0.9363813048088644,0.7561421711574265,0.0,0.9375286659880601,0.0005206088328137959,0,0.4812631599210926
5,10699806.0,10745374.0,1845,59,0.03197831978319783,0.9380719846362038,6.416188057120758,1845.0,0.6674491592012499,0.7586797640891195,0.9785857319560057,0.3629912573020023,0.5362116968476875,0.7454615417230291,0.754509315497327,0.9380719846362038,0.7567765693903498,0.0012216297979258384,0.9376644956500959,0.000187941523089874,0,0.37327484574270536
6,10745780.0,10780843.0,1846,40,0.021668472372697724,0.935681289933657,5.661315551637612,1846.0,0.6390158059129873,0.7396647014333624,0.9698474325544078,0.3076980638217027,0.48426942195204664,0.7293938513237685,0.7380364025337618,0.935681289933657,0.7524986024011029,0.0,0.9371686942209861,0.0,0,0.6777466697678686
7,10780902.0,10809110.0,1845,39,0.02113821138211382,0.9371576501393336,6.032889380058455,1845.0,0.6494419328247037,0.7469698041212017,0.972353491792866,0.3268898260239247,0.5025373868772285,0.7357049929891536,0.7449198080938788,0.9371576501393336,0.7511164028311276,0.0,0.937165933200573,0.0,0,0.5071159260082453
8,10809162.0,10868661.0,1845,101,0.054742547425474256,0.9407758842105521,6.459428298152025,1845.0,0.6650707178188018,0.7583863670769893,0.9759300304215558,0.35215875904622046,0.5324426541577622,0.7450331489775633,0.7549431427019114,0.9407758842105521,0.7529338938925929,0.0009282327857955686,0.9380684209530677,0.0023712322646244344,1,0.37529618897813977
9,10868665.0,10903571.0,1846,77,0.04171180931744312,0.938831892010123,6.315221582304073,1846.0,0.665282913352297,0.7581673250947067,0.9741441012268913,0.35319134047785167,0.5331461386993027,0.7461139838033004,0.755131211770907,0.938831892010123,0.7542422516931213,0.0016374235893086286,0.9382592887173316,0.00279847232881969,1,0.3709531538101449
10,10903718.0,10963882.0,1845,53,0.02872628726287263,0.9381977952865479,6.347924704912645,1845.0,0.6643639155176028,0.757429763839978,0.9756189616554676,0.35253535252231477,0.531012380347452,0.7443988297770853,0.7556752196546136,0.9381977952865479,0.7550391297298356,0.0016090531380928974,0.9382439153596357,0.002591615669439884,0,0.3689121331061887
11,10963909.0,11027943.0,1846,53,0.028710725893824486,0.9382473745910811,6.519213405567564,1846.0,0.6687390243732827,0.7589985851529927,0.9785884063784976,0.36880029007197795,0.5388150609682489,0.7440180926094123,0.7538143036256933,0.9382473745910811,0.7560289935856248,0.0031495039998918894,0.9382447801674971,0.002434338314593276,0,0.3704156001392403
12,11027962.0,11056484.0,1845,35,0.018970189701897018,0.9384100354442517,6.407621174425747,1845.0,0.6619625091627508,0.7545820580677641,0.974153578711597,0.3515471452578331,0.5332788243086523,0.7377302632920021,0.748846277511015,0.9384100354442517,0.7556672597061596,0.00027342777646233163,0.9382860939866858,0.002439721812917295,0,0.3876801807546441
13,11056485.0,11128968.0,1846,58,0.0314192849404117,0.9379844275919125,6.331469969302199,1846.0,0.6658636666049855,0.7574865047424094,0.9785750342660382,0.35615882483905387,0.5409405029189199,0.7426027082004769,0.751631869474564,0.9379844275919125,0.756122070965222,0.00030179822767806286,0.9382106773879926,0.0020194974589020642,0,0.3709321794529955
14,11128972.0,11205154.0,1845,77,0.04173441734417344,0.9373292412494879,6.450474715798766,1845.0,0.6710113372139639,0.7604969168492876,0.9800367733092635,0.3698854781848391,0.5479269298309271,0.7445919385730814,0.7553230982314838,0.9373292412494879,0.7572157824362383,0.0033405807857719294,0.9379903183533664,0.0009440867624622706,1,0.40016823208212443
15,11205161.0,11246605.0,1845,97,0.05257452574525745,0.9383992684476036,6.353762486721658,1845.0,0.6656476986512919,0.7563638505595768,0.9785750342660382,0.3648392479110831,0.5357304828990522,0.7399167735484394,0.7493527204502813,0.9383992684476036,0.7570027994670729,0.002246297054155022,0.9380925558769257,0.000938703264138141,1,0.36195316125608634
16,11246665.0,11309850.0,1846,53,0.028710725893824486,0.9401542357451995,6.393316652473932,1846.0,0.6620511715828556,0.7555704222816771,0.9746225721258315,0.34557435957559696,0.5355080260925699,0.7398822022652257,0.7491370342356864,0.9401542357451995,0.756644705170724,0.00035858504463848195,0.9386079758439941,0.0026882870634099554,0,0.37943078261166663
17,11309871.0,11377868.0,1845,68,0.03685636856368564,0.9387892286003393,6.437050797580088,1845.0,0.667079952730126,0.7587764590483133,0.9785750342660382,0.3579713255160834,0.5402843204643059,0.7442587800012991,0.7540961090686024,0.9387892286003393,0.7571776436401213,0.001676909801758053,0.9386532890330804,0.003072863717821561,0,0.36423740956862516
18,11377913.0,11415055.0,1846,78,0.04225352112676056,0.9416286727718401,6.5895838819525006,1846.0,0.6714233756224579,0.7638902256775779,0.9759258934242637,0.35589764759840375,0.5465120585885417,0.7510257400850331,0.7620527590684709,0.9416286727718401,0.7588557891494855,0.008109001188142284,0.9393971349677703,0.006296884543734005,1,0.3932733656531831
19,11415084.0,11481762.0,1845,64,0.034688346883468835,0.9400322969130805,6.473137403344073,1845.0,0.6633848243918202,0.7571772238860355,0.9724755123190586,0.34512296499958284,0.535687587499684,0.7433263564608367,0.7527549160859174,0.9400322969130805,0.758436147833623,0.007828090782984076,0.9395559254540979,0.007924529510886846,0,0.36393106774956024
20,11481779.0,11550625.0,1846,88,0.047670639219934995,0.9391863870011766,6.5873340108442395,1846.0,0.6676078903467945,0.758659160318988,0.9762732340453985,0.3649385302969076,0.5361724950351686,0.7442962081911867,0.7534458312095327,0.9391863870011766,0.7584919009549642,0.009029116810778337,0.9394635408408677,0.008706264566135768,1,0.37557560377803056
21,11550638.0,11605713.0,1845,87,0.04715447154471545,0.9444330482518545,6.8970147795487655,1845.0,0.6812451575694174,0.7698356242135617,0.9796394544178115,0.38176158556290213,0.5613172169481198,0.7538826458518321,0.7648312912323787,0.9444330482518545,0.7613278317696136,0.021406606733146316,0.9407059176936144,0.014734660872062544,1,0.4666188542492737
22,11605947.0,11654350.0,1846,66,0.035752979414951244,0.9396299838328551,6.476703382268169,1846.0,0.6644024023948976,0.7565971109464105,0.9756189616554676,0.3553943054576582,0.5362955428271782,0.7399473655073168,0.7507448143494793,0.9396299838328551,0.7601451515638128,0.020545583388363098,0.9404369342284247,0.01595999275898996,0,0.3580892120807965
23,11654355.0,11725712.0,1845,64,0.034688346883468835,0.9376193060145426,6.436787029022277,1845.0,0.6668608362625598,0.7574067200482121,0.9785750342660382,0.3619621998647025,0.5434672216093337,0.7409141877297822,0.7503412660944381,0.9376193060145426,0.7594605436849127,0.02049416914538149,0.9397325271749541,0.015174646827604832,0,0.37152495010161335
24,11725727.0,11803808.0,1845,64,0.034688346883468835,0.9382894662814846,6.523084681156837,1845.0,0.6702346186053376,0.7597502017820967,0.9796394544178115,0.36888412167643897,0.5483944278516097,0.7432875909242493,0.7523174862929053,0.9382894662814846,0.7595329582092086,0.02278623663628454,0.9393717619515868,0.015059461163161703,0,0.3752234909000323
25,11803851.0,11848223.0,1846,66,0.035752979414951244,0.9390619837072471,6.609791024892473,1846.0,0.6700016692503601,0.758590330792813,0.9806777989502891,0.3775509079255084,0.5436930247772712,0.7402016334911872,0.7495007963505868,0.9390619837072471,0.7592973013551098,0.02391843313790387,0.939294317390502,0.015716792924481138,0,0.37943850080272606
26,11848226.0,11913539.0,1845,38,0.020596205962059622,0.9397345785161793,6.430721182963682,1845.0,0.6678982156655385,0.7610232086782474,0.9758044328552804,0.3479986106049006,0.5449424618656977,0.7484700061071415,0.758345421233773,0.9397345785161793,0.7597287781858941,0.02748350752495754,0.9394043826719214,0.017046719494732687,0,0.3750920210069353
27,11913547.0,11977154.0,1846,64,0.03466955579631636,0.9381188205818541,6.374005422784517,1846.0,0.663732713547511,0.7550707314846133,0.9785750342660382,0.3569845862861453,0.5392730128097377,0.7372123347849608,0.7470748132748568,0.9381188205818541,0.7585642665105738,0.0250961047183772,0.9390829921494046,0.016760888130659124,0,0.37635453447397776
28,11977187.0,12016025.0,1845,66,0.03577235772357724,0.9394244161727547,6.399294717028905,1845.0,0.6683082454021813,0.7606052449121422,0.9752671079463778,0.3519164628914367,0.5477153446893009,0.7453305724813342,0.7571544307760799,0.9394244161727547,0.7590745111109659,0.028243215339325722,0.9391683481552422,0.01778065235748616,0,0.3823478112596458
29,12016087.0,12083163.0,1846,37,0.020043336944745395,0.9394173927792548,6.446668271005146,1846.0,0.6668475654153274,0.7594564313250933,0.9745430080566977,0.3540842142103759,0.5383599641017456,0.7455496603747835,0.7568265956104772,0.9394173927792548,0.7591699911644978,0.030241512373225365,0.9392306093112455,0.0187933931908133,0,0.36259770581469936
30,12083207.0,12152820.0,1845,77,0.04173441734417344,0.9402006469167088,6.618258526315807,1845.0,0.672198733780538,0.7625687869709238,0.9785750342660382,0.3651822670568497,0.5520540189856817,0.7459886788216994,0.7575680571217507,0.9402006469167088,0.7600196901161043,0.035352165052955464,0.9394731187126113,0.02058938816159439,1,0.38040349814237395
31,12152843.0,12192842.0,1845,56,0.03035230352303523,0.9407001537521142,6.7162297208735255,1845.0,0.6751987117654749,0.7656805524639341,0.9752671079463778,0.3661310265895759,0.5550458769455812,0.7509812684427114,0.7631352330973917,0.9407001537521142,0.7614349057030616,0.04357458322569585,0.939779877472487,0.02288488996778093,0,0.3842507858420782
32,12192900.0,12256669.0,1846,86,0.04658721560130011,0.9364419913632525,6.555235471521916,1846.0,0.6657854565890052,0.7559260340904115,0.9761745729281583,0.36333370566625883,0.542364827121078,0.7385298405462515,0.7482569182481851,0.9364419913632525,0.7600576877998991,0.042042483024913646,0.9389454059451783,0.020922229385105684,1,0.4264915415380529
33,12256694.0,12327346.0,1845,89,0.048238482384823846,0.9328651748607546,6.193419585792121,1845.0,0.6562979086505337,0.7476998562316716,0.9762798114532144,0.3521850575340575,0.5288839762683054,0.7290023792575705,0.7385529553319803,0.9328651748607546,0.7569682299078423,0.03228420496539153,0.9374253481740724,0.015382752299932578,1,0.5374990337685257
34,12327384.0,12400129.0,1846,82,0.044420368364030335,0.9370801814970892,6.316442527291434,1846.0,0.6592839440227146,0.7515852038082703,0.9785750342660382,0.35259907034843085,0.5286614673886882,0.7338608590046564,0.7442181418747087,0.9370801814970892,0.7556224733829493,0.02641127448246816,0.9373390565048266,0.014058281851094034,1,0.41892883459591246
35,12400202.0,12450685.0,1845,44,0.023848238482384824,0.9395132496706573,6.412901458174975,1845.0,0.6632078385040194,0.7560519296384085,0.9770318924882159,0.35041736482955044,0.5353940696311987,0.740850841423869,0.7498636669648213,0.9395132496706573,0.755729837446814,0.02500506982968298,0.9378826047962843,0.015166879575823633,0,0.36676436709757226
36,12450693.0,12518451.0,1846,72,0.0390032502708559,0.9403154820702682,6.283900457922092,1846.0,0.6624259540098572,0.756991630278186,0.9726990773242403,0.336164359307213,0.5420330252423251,0.7414009796883334,0.752215923741146,0.9403154820702682,0.756045285654657,0.02453856581667524,0.9384908241147802,0.01707770970016409,0,0.39602494361284735
37,12518459.0,12586136.0,1845,50,0.02710027100271003,0.9389709914850628,6.326445025862631,1845.0,0.6615383193918188,0.7559844683276171,0.9741477284123959,0.33785074819958916,0.5368577832353392,0.742702543337739,0.7513095307013645,0.9389709914850628,0.7560300813228971,0.023064899853098675,0.9386108659573509,0.017644049239299187,0,0.3760261372072633
38,12586145.0,12628594.0,1846,61,0.03304442036836403,0.9409999181809261,6.629191084540166,1846.0,0.6704230024383823,0.7616483884884077,0.9741622371544145,0.35872643885034744,0.5518022362358966,0.7449503505996209,0.7556360683251201,0.9409999181809261,0.7574346581142748,0.027255154050312647,0.9392081290132447,0.02023931547429758,0,0.37778150740800936
39,12628678.0,12690519.0,1845,52,0.028184281842818428,0.9398189763865346,6.522047624230521,1845.0,0.6631142410551574,0.7560460994517343,0.974326981579915,0.3495721331699327,0.5369704962820363,0.7387549136397993,0.7504546857974848,0.9398189763865346,0.7570875184486396,0.02584311921085325,0.9393608408565671,0.021653639914904432,0,0.37188133370883397
40,12690525.0,12757458.0,1845,62,0.03360433604336043,0.9372579110857802,6.497316959739749,1845.0,0.6644048023821928,0.7554050296899852,0.9758651756761274,0.3615344118539972,0.5356593525016586,0.7383565728145497,0.7492157636549788,0.9372579110857802,0.756666896258976,0.023790014609644805,0.9388351084138704,0.02050689905475689,0,0.38655470433896877
41,12757480.0,12793742.0,1846,36,0.01950162513542795,0.9402281445552882,6.588871776160264,1846.0,0.6686143472625325,0.7598198142254285,0.9742294320195233,0.35906200027751123,0.547995131167493,0.7420416132569935,0.7537448470553773,0.9402281445552882,0.7574551257505892,0.026151694543879667,0.9391833674492249,0.022330391664117433,0,0.37128301185895524
42,12793761.0,12858059.0,1845,53,0.02872628726287263,0.9404970715889086,6.702149842688549,1845.0,0.6773236809511812,0.7649620513762722,0.9763061210844785,0.38338910754467087,0.5576106508332157,0.7471512956680062,0.7579702791211043,0.9404970715889086,0.7593318571570099,0.03365561162895814,0.9395117934841459,0.024422811307098335,0,0.3867169068624145
43,12858068.0,12929784.0,1846,66,0.035752979414951244,0.9372654669288499,6.4006649343204725,1846.0,0.6605907885848376,0.7527888926822418,0.9743457693979206,0.3520767158671307,0.5331487532696391,0.7347201942513027,0.7457428126072653,0.9372654669288499,0.7576961160383179,0.028986370020006258,0.9389502118453219,0.023283626290020565,0,0.404169659124947
44,12929811.0,12998016.0,1845,39,0.02113821138211382,0.9337207671896195,5.974535469472157,1845.0,0.6463378369086068,0.7415416374151707,0.971968976699094,0.32416162698383577,0.5216650250496087,0.7215380130834705,0.7306037522364993,0.9337207671896195,0.7536574963825311,0.013069873143983224,0.9376428506813963,0.018599741533712355,0,0.5983214357173176
45,12998423.0,13049929.0,1846,59,0.031960996749729145,0.9396869556600381,6.561401613065414,1846.0,0.6652996292172545,0.7560582014132062,0.9785884063784976,0.36447461451861535,0.5368735856193144,0.7376355040125572,0.7478274862757468,0.9396869556600381,0.7542576726401999,0.01166994026599577,0.9381538769260568,0.019882045247822777,0,0.3719515805855953
46,13049940.0,13113424.0,1845,73,0.03956639566395664,0.9409710096950532,6.609417793817206,1845.0,0.6694229177895028,0.7600951055259891,0.9756189616554676,0.3623138972940227,0.549362523948176,0.7423360428168518,0.7521311151934104,0.9409710096950532,0.7557170308616472,0.01430691150079122,0.9388581601183059,0.02244840299694828,0,0.3736166225070072
47,13113432.0,13151840.0,1845,57,0.030894308943089432,0.9357399371456356,6.317755708475243,1845.0,0.6569490245288572,0.7491246677695941,0.9741622371544145,0.35059978816616977,0.5277336729088884,0.7305837008625826,0.7400880235610098,0.9357399371456356,0.7540689400886339,0.005973444979191611,0.9380786043751383,0.019783688196656213,0,0.47276676134919443
48,13151880.0,13199298.0,1846,50,0.027085590465872156,0.9379513834975165,6.006711654080229,1846.0,0.6495722812841965,0.7472066075403428,0.9721005917159763,0.32664641870959915,0.502864998636892,0.7356286426737213,0.7447699629032536,0.9379513834975165,0.7523533569515611,0.0,0.9380467991557329,0.01933041974824501,0,0.5119345937510273
49,13199300.0,13230230.0,1845,49,0.026558265582655827,0.9364165850614478,5.93529422438991,1845.0,0.6510733338062494,0.7476249379750508,0.9725492260889914,0.33143244134276667,0.5067349024909364,0.7357420625505021,0.7450406775855943,0.9364165850614478,0.7511712522074336,0.0,0.9376392456321616,0.017342352863765065,0,0.5185432797685985
50,13230244.0,13293667.0,1846,64,0.03466955579631636,0.9401991044886073,6.445757872006197,1846.0,0.6643771517574314,0.7563833719266552,0.9726395296359442,0.358169126544987,0.5337860890841294,0.7399120029341862,0.7498194357352465,0.9401991044886073,0.752474282137239,0.0,0.938279210346273,0.01913680540644469,0,0.36143666066672075
51,13293723.0,13350776.0,1845,85,0.04607046070460705,0.9384994587284152,6.324373663558776,1845.0,0.6645664502939282,0.7569196417578457,0.9741622371544145,0.3573874126565958,0.5300250985309973,0.7438214032075132,0.7530988783461198,0.9384994587284152,0.7535856220423907,0.0,0.9383342724418087,0.019231612188932212,1,0.3697249082350208
52,13350788.0,13379848.0,1846,33,0.017876489707475622,0.9342342101411536,5.77364955202176,1846.0,0.6453876336174472,0.7434240210297113,0.9717346972888042,0.32437634144435984,0.49183721090186455,0.7338231209076201,0.7426672846922381,0.9342342101411536,0.7510452217892208,0.0,0.9373092568666448,0.015061170384158107,0,0.6167186112941191
53,13379849.0,13440104.0,1845,96,0.05203252032520325,0.938757018660348,6.330799537093268,1845.0,0.6644167831970166,0.7556122675361077,0.9782908768762745,0.36555886053294395,0.5280085105885659,0.7402150667831019,0.7495444594201232,0.938757018660348,0.7521869832259426,0.0,0.9376711973150706,0.0154135370985784,1,0.37088121307109423
54,13440144.0,13470993.0,1846,49,0.026543878656554713,0.9361684190218806,6.104143124671974,1846.0,0.6525012748237494,0.7470180580382277,0.9741622371544145,0.3393141681841588,0.5168845638266466,0.729211412717683,0.7409278103683781,0.9361684190218806,0.7508947519290139,0.0,0.9372955027417731,0.013177304174531335,0,0.5042331900958722
55,13471012.0,13540788.0,1845,23,0.012466124661246613,0.940175555180484,6.332236191003346,1845.0,0.6627267226719002,0.7558969091666647,0.9771828302076021,0.3505925123236791,0.5324309195854972,0.7396169949764887,0.7508176312933523,0.940175555180484,0.7521452912384265,0.0,0.9380155158514507,0.014948207409087644,0,0.3796158472994899
56,13540791.0,13609625.0,1845,50,0.02710027100271003,0.940007274483536,6.50181522982882,1845.0,0.6652122455935221,0.7563140273006715,0.9785884063784976,0.364697674747282,0.5329593517678232,0.7395300490664118,0.7488668779025569,0.940007274483536,0.7531874752539878,0.0,0.9385134555094721,0.01655082994669599,0,0.3586786566641654
57,13609717.0,13655985.0,1846,60,0.032502708559046585,0.9386817138064417,6.40447848027842,1846.0,0.6598151828819285,0.7527095370543518,0.9785750342660382,0.3496433264267024,0.5298443329642963,0.7357236704210357,0.7451828707911665,0.9386817138064417,0.7530679907040788,0.0,0.9385555200837145,0.016827891807210005,0,0.40905484276804904
58,13655986.0,13721074.0,1845,43,0.023306233062330622,0.940507084365799,6.50663249987694,1845.0,0.6699644516523392,0.7613686220300842,0.9761396717146391,0.3602834833483226,0.5459970744427131,0.7464221880309265,0.7566124280739349,0.940507084365799,0.7551431485355802,0.003910487738890467,0.9390434111542356,0.018930324227081297,0,0.37948284027983364
59,13721139.0,13781163.0,1846,76,0.041170097508125676,0.9417562542967237,6.657429941186689,1846.0,0.6754274516900745,0.7649214535080587,0.9799874636445692,0.3754091850113977,0.5505236542962675,0.749208621850604,0.7602395429953799,0.9417562542967237,0.7575877247786998,0.011373806955755517,0.9397216219398576,0.02228192657787731,0,0.3862260472461602
60,13781180.0,13821672.0,1845,43,0.023306233062330622,0.9460880428581641,7.253560656973728,1845.0,0.6825879560209703,0.7753363247546158,0.9762815832581153,0.34924226326808455,0.5782939195754409,0.7634876630031971,0.775827891399965,0.9460880428581641,0.7620248747726789,0.02925199741917761,0.9413132271694343,0.029965317490113663,0,0.5627159156558152
61,13821695.0,13888112.0,1846,43,0.023293607800650054,0.9617909706295603,8.032452586224348,1846.0,0.7470921794547632,0.8336726216211194,0.9871104118610636,0.37947368332411013,0.7114204649605198,0.8372832555146653,0.8454925228449612,0.9617909706295603,0.779936811484789,0.10546648474910336,0.9464326630344658,0.053351636173746275,0,0.7727935073932228
62,13888130.0,13948977.0,1845,55,0.02981029810298103,0.9441739160095441,7.0984536976579165,1845.0,0.694755800221727,0.7795764693220094,0.9808992745628989,0.4032805379502998,0.586523594576032,0.7627540776109797,0.7770468749617794,0.9441739160095441,0.7798467259440941,0.1275848197799191,0.9458679762782354,0.05912090023736272,0,0.5407001862722223
63,13949056.0,13990904.0,1845,51,0.027642276422764227,0.9421885568419418,6.711265078409671,1845.0,0.6798192867717464,0.7694211230635691,0.9766245445124194,0.3710838097148398,0.564284954824275,0.7554361075302659,0.7661030049474098,0.9421885568419418,0.7772403252239628,0.13954780855229454,0.944948121419162,0.06290480513337682,0,0.41228964199658563
64,13990941.0,14056744.0,1846,66,0.035752979414951244,0.941763451495795,6.9038094969384325,1846.0,0.6877835196609713,0.773069146461901,0.9800566225386955,0.3998051119644586,0.572468003906888,0.7570453040795555,0.7678357268581594,0.941763451495795,0.7761975305334473,0.1551588207230018,0.9441519539383202,0.0662636046832441,0,0.47925970911043386
65,14056755.0,14085700.0,1845,54,0.02926829268292683,0.9431495605548774,6.927375141637109,1845.0,0.6842551418082629,0.7703551137503818,0.9785857319560057,0.3990605166908153,0.5618545326161315,0.7520350751596976,0.7651760240197928,0.9431495605548774,0.774736926337681,0.1680558001821899,0.9439013555924596,0.07100851329219382,0,0.468815106855994
66,14085730.0,14152632.0,1846,94,0.050920910075839654,0.9456803372793017,7.213128642639486,1846.0,0.7060395863062469,0.7865036172614558,0.9811702269916089,0.43561853752914875,0.5959995566231997,0.7700630786485574,0.782836421451027,0.9456803372793017,0.7776785990686247,0.197101283152452,0.94434610101417,0.07828419862556779,1,0.5917232013456385
67,14152634.0,14219413.0,1845,73,0.03956639566395664,0.9507473067559881,7.72242385681986,1845.0,0.7329283368924352,0.807435165231203,0.9820954100223983,0.47895751065624187,0.6334898672274256,0.7939342997130704,0.8075127001094501,0.9507473067559881,0.7851177406092692,0.24707831409246128,0.9459464024496246,0.09062685343562815,0,0.6891716836469326
68,14219456.0,14251917.0,1846,37,0.020043336944745395,0.9557198038450184,7.955123341746823,1846.0,0.7438583289155019,0.8162468865560613,0.9811702269916089,0.4972545952058369,0.6477592072807457,0.8019008836351312,0.8166571546107765,0.9557198038450184,0.7929000270959672,0.30586706635732885,0.948389752798473,0.10794200533471887,0,0.7019770145345806
69,14251967.0,14317603.0,1845,48,0.026016260162601626,0.9467085102352377,6.999239288626355,1845.0,0.6937974187474298,0.779322536167895,0.9785884063784976,0.4013916971684009,0.582197129127043,0.7642494929061214,0.7744402643003462,0.9467085102352377,0.7895056543639491,0.3277314682340302,0.9479694421576642,0.11624586362402889,0,0.5530942115064957
70,14317608.0,14352648.0,1846,57,0.03087757313109426,0.9444965100850974,6.894825192060882,1846.0,0.6826083798486902,0.7715661784288196,0.9785750342660382,0.3773437008494733,0.5672295893193186,0.7566811494395502,0.7672909495500114,0.9444965100850974,0.7850207853801668,0.3418395123716561,0.9471012091395224,0.12233772176319857,0,0.47312569700607116
71,14352676.0,14417365.0,1845,51,0.027642276422764227,0.9427124460393135,6.737100514703544,1845.0,0.6756296378739536,0.7658257880101617,0.9780675960284826,0.36960513673936257,0.5541890737882407,0.7507248255713929,0.760916707231459,0.9427124460393135,0.7802220360376655,0.3502071660906241,0.9460040183644702,0.12664551585658435,0,0.4152271309899001
72,14417374.0,14482332.0,1845,77,0.04173441734417344,0.9422131471239494,6.550641672444081,1845.0,0.6772884019483059,0.766132176989874,0.9785750342660382,0.3777225851989741,0.5566055313797547,0.7496197128855252,0.7602810331533263,0.9422131471239494,0.7766995712757176,0.3588812087893044,0.94505630055434,0.13045401103460608,1,0.4202558761933186
73,14482332.0,14515958.0,1846,63,0.03412784398699892,0.9417218085209839,6.733398276164673,1846.0,0.6719817859115378,0.7632323016270478,0.9741622371544145,0.36002925819654896,0.5530515281966674,0.7466821713630416,0.7584241632804472,0.9417218085209839,0.7733327538635502,0.3646553761251585,0.944222677546001,0.13377116760966223,0,0.4031044179117558
74,14515997.0,14582281.0,1845,69,0.03739837398373984,0.9425408046478417,6.755721224844345,1845.0,0.6813093469707137,0.7687824921721955,0.9785884063784976,0.38761500220558326,0.5608091813141579,0.7525269922341186,0.7630547544518671,0.9425408046478417,0.7721951884407114,0.37597973400616036,0.9438022093214612,0.13790732031157626,0,0.41761726033622343
75,14582286.0,14643579.0,1846,85,0.04604550379198267,0.9411582810084239,6.735344699977822,1846.0,0.684580509642644,0.7715149783958165,0.9785884063784976,0.38771508881715816,0.5700637808474478,0.7567709697776857,0.7671944277625047,0.9411582810084239,0.7720251359294877,0.3900365781107832,0.9431412272432018,0.14066094937407247,1,0.45164097961202626
76,14643649.0,14678639.0,1845,77,0.04173441734417344,0.9376541455315265,6.387443190274493,1845.0,0.6616181389444022,0.7536102819223626,0.9782908768762745,0.35426806845543135,0.5329400369472554,0.7371784163233268,0.7460500274644707,0.9376541455315265,0.7674214224277064,0.38618872574195207,0.941769456815283,0.13991044295967126,1,0.39755160188693894
77,14678647.0,14750149.0,1846,85,0.04604550379198267,0.9385942363949713,6.771221081115517,1846.0,0.6810784674798519,0.76720347775251,0.9785884063784976,0.3923486398747049,0.5617144390998251,0.7516366218805934,0.761098400149165,0.9385942363949713,0.7673669362589073,0.39593406920326835,0.940975651710205,0.14010002740871486,1,0.45673719617076325
78,14750161.0,14824283.0,1845,71,0.03848238482384824,0.941399637539651,6.756014992561724,1845.0,0.6813907774279829,0.768701404080868,0.9799573763915355,0.3866136456971831,0.56269672973031,0.7534597283341201,0.7627841458386502,0.941399637539651,0.7677005532143975,0.4071773389929426,0.9410816481675666,0.1430950130024381,0,0.4079574807202579
79,14824293.0,14857872.0,1845,37,0.02005420054200542,0.9549670371992056,7.374769202229448,1845.0,0.7457670700315469,0.8183678769606202,0.9785750342660382,0.4973246833160339,0.6473371992871468,0.8081418348984413,0.8210645954569064,0.9549670371992056,0.7803673841509531,0.4680870816623691,0.9445529954254763,0.159657398255716,0,0.6949630718390403
80,14857875.0,14919451.0,1846,31,0.016793066088840736,0.9501225955052969,7.3285523109760335,1846.0,0.7162205373915884,0.7948018997780454,0.9769419232440746,0.4516022114185309,0.6091440950696346,0.7794100222715213,0.790823762692958,0.9501225955052969,0.7839760130577262,0.5054308471492208,0.9459453954454315,0.17137534181508518,0,0.6447958133696459
81,14919472.0,14952791.0,1845,64,0.034688346883468835,0.9414899468621605,6.522991700493801,1845.0,0.6741096937215486,0.7657861135141956,0.9780864841373315,0.35570001785666244,0.5582813641946469,0.753229336620916,0.7618478030733571,0.9414899468621605,0.7794285381718435,0.5137588263722227,0.9448315332996138,0.17446063673131795,0,0.40523199083692146
82,14952793.0,15019960.0,1846,105,0.056879739978331526,0.943351545592728,6.765499915167466,1846.0,0.685678836991305,0.7737884950321261,0.9785750342660382,0.3786275078551201,0.5772621289714169,0.7596940784287435,0.7694589241085171,0.943351545592728,0.7780185273869142,0.5300891871131551,0.9444615363728923,0.1794075303781183,1,0.4671750743270666
83,15019967.0,15085896.0,1845,67,0.036314363143631435,0.9420206974208946,6.65835390684715,1845.0,0.6762027913469387,0.7649937219925137,0.9763061210844785,0.3758278710156473,0.5578358608528419,0.7480153597193379,0.7573141677259716,0.9420206974208946,0.7747623260383142,0.5376247748144751,0.9438513266348929,0.18302357585308515,0,0.3891820504582061
84,15085916.0,15122968.0,1846,48,0.02600216684723727,0.9400200030250239,6.218922227514854,1846.0,0.6557834290406425,0.7515355691671973,0.9725298365259252,0.33120698726197634,0.5266672143908558,0.7356996557622739,0.7453232847630826,0.9400200030250239,0.768955636820535,0.5317022096904788,0.9428934957324256,0.1846389269321813,0,0.4684677986338803
85,15122979.0,15193449.0,1845,76,0.041192411924119245,0.9404836614257226,6.687164773268883,1845.0,0.6712732504208002,0.7616613333137644,0.9758558820579681,0.36236062086826865,0.5546203013128317,0.744706204904793,0.7541954635923854,0.9404836614257226,0.7671320609438423,0.5359054087130495,0.9422910371557499,0.1867179364119762,0,0.38317833658286643
86,15193456.0,15260615.0,1846,101,0.05471289274106175,0.9425425662916498,6.92107477487326,1846.0,0.6890780840276455,0.7744775293457563,0.9806777989502891,0.3996300593497959,0.5740812508495656,0.7598886269096957,0.7692479167375202,0.9425425662916498,0.7689684280443209,0.5529248037676121,0.9423539194397248,0.1908558507576983,1,0.5022049231644526
87,15260636.0,15291972.0,1845,75,0.04065040650406504,0.9326360836670247,6.257087905282404,1845.0,0.6588180509385075,0.7503415387007144,0.9755485909136496,0.3480920577533927,0.53812460335515,0.7333486419559813,0.7418888679609893,0.9326360836670247,0.7643117057084192,0.5458082081771328,0.9399244604965498,0.18508728247879525,0,0.5201652819316288
88,15292005.0,15366651.0,1845,81,0.04390243902439024,0.9337920864816911,6.283843251922328,1845.0,0.6602451836613441,0.7505665116280755,0.9785750342660382,0.3586691106104723,0.5360830215212191,0.7320247104135867,0.7406569892797513,0.9337920864816911,0.7608754071883334,0.5389165855140147,0.9383913669928351,0.18047471701455864,1,0.49103659451192744
89,15366653.0,15446724.0,1846,98,0.05308775731310943,0.9410385554185142,6.69396828006607,1846.0,0.6786167936854365,0.7661959341715388,0.9808992745628989,0.38136596943704454,0.5637764237306607,0.7487846607817058,0.7581183590592565,0.9410385554185142,0.7622055389341347,0.5476543853943597,0.9390531640992549,0.18310862048714516,1,0.38735558179380514
90,15446747.0,15525232.0,1845,58,0.03143631436314363,0.9378617380647779,6.24502565002803,1845.0,0.6650181923241356,0.7563226103668117,0.9785884063784976,0.35489870488916503,0.5447761271916199,0.7391380599945805,0.7484163314805348,0.9378617380647779,0.760734806792304,0.5465188614699777,0.9387553075906356,0.18256570660599536,0,0.40510681090931766
91,15525246.0,15599778.0,1846,56,0.030335861321776816,0.9367493249383123,6.337469972526909,1846.0,0.6623429858833304,0.7532011266222061,0.9785884063784976,0.3557488792253766,0.5421355571460594,0.7340743913035779,0.7430067768033255,0.9367493249383123,0.7588513867497795,0.5422618538009901,0.9382538119275547,0.18091037959837997,0,0.40521858025606156
92,15599791.0,15637428.0,1845,67,0.036314363143631435,0.9436236196079741,6.690129950929361,1845.0,0.6731932985060469,0.7650291917020061,0.9742493230368067,0.35355713411712403,0.5615262961776143,0.7483277194922184,0.7589317231353037,0.9436236196079741,0.760395837987836,0.5498329112118026,0.9395962638476596,0.1861293472604264,0,0.4437657732680181
93,15637454.0,15706506.0,1846,77,0.04171180931744312,0.9408125872723204,6.697568838846624,1846.0,0.6738858303924283,0.7651579047457199,0.9762732340453985,0.3589540599482812,0.5569893903044724,0.7503196634813004,0.7623534509557675,0.9408125872723204,0.7615863546773071,0.5575326816663287,0.9399003447038248,0.18853728258681912,1,0.38106629840936573
94,15706514.0,15773676.0,1845,95,0.051490514905149054,0.9402888417059879,6.505522144770939,1845.0,0.6670059728768986,0.7590086945004108,0.9744906228061377,0.352481353105578,0.5473505931428786,0.7431326361353073,0.7517764402947409,0.9402888417059879,0.760941939633083,0.5590832418755458,0.9399974689543655,0.19042147234687934,1,0.3682595736332217
95,15773720.0,15811131.0,1845,70,0.037940379403794036,0.9387754474425699,6.483519264841579,1845.0,0.6674357762171544,0.7584887023316127,0.9759430682312038,0.35809974943596595,0.5468857423655974,0.7420897037723762,0.7513282380692625,0.9387754474425699,0.7603286303077154,0.5601138099159648,0.9396919635764166,0.19079226784352155,0,0.3605365522691539
